State_UT,Region,Population_2011,Literacy_Rate_2011,Source
Andaman and Nicobar Islands,South,380581,86.3,Office of the Registrar General and Census Commissioner India Census 2011
Andhra Pradesh,South,49386799,67.7,Office of the Registrar General and Census Commissioner India Census 2011
Arunachal Pradesh,North East,1383727,67.0,Office of the Registrar General and Census Commissioner India Census 2011
Assam,North East,31205576,73.2,Office of the Registrar General and Census Commissioner India Census 2011
Bihar,East,104099452,63.8,Office of the Registrar General and Census Commissioner India Census 2011
Chandigarh,North,1055450,86.4,Office of the Registrar General and Census Commissioner India Census 2011
Chhattisgarh,Central,25545198,71.0,Office of the Registrar General and Census Commissioner India Census 2011
Dadra and Nagar Haveli,West,343709,77.7,Office of the Registrar General and Census Commissioner India Census 2011
Daman and Diu,West,243247,87.1,Office of the Registrar General and Census Commissioner India Census 2011
Delhi,North,16787941,86.3,Office of the Registrar General and Census Commissioner India Census 2011
Goa,West,1458545,87.4,Office of the Registrar General and Census Commissioner India Census 2011
Gujarat,West,60439692,79.3,Office of the Registrar General and Census Commissioner India Census 2011
Haryana,North,25351462,76.6,Office of the Registrar General and Census Commissioner India Census 2011
Himachal Pradesh,North,6864602,83.8,Office of the Registrar General and Census Commissioner India Census 2011
Jammu and Kashmir,North,12267013,68.7,Office of the Registrar General and Census Commissioner India Census 2011
Jharkhand,East,32988134,67.6,Office of the Registrar General and Census Commissioner India Census 2011
Karnataka,South,61095297,75.6,Office of the Registrar General and Census Commissioner India Census 2011
Kerala,South,33406061,93.9,Office of the Registrar General and Census Commissioner India Census 2011
Lakshadweep,South,64473,92.3,Office of the Registrar General and Census Commissioner India Census 2011
Madhya Pradesh,Central,72626809,70.6,Office of the Registrar General and Census Commissioner India Census 2011
Maharashtra,West,112374333,82.9,Office of the Registrar General and Census Commissioner India Census 2011
Manipur,North East,2855794,79.8,Office of the Registrar General and Census Commissioner India Census 2011
Meghalaya,North East,2966889,75.5,Office of the Registrar General and Census Commissioner India Census 2011
Mizoram,North East,1097206,91.6,Office of the Registrar General and Census Commissioner India Census 2011
Nagaland,North East,1978502,80.1,Office of the Registrar General and Census Commissioner India Census 2011
Odisha,East,41974218,73.5,Office of the Registrar General and Census Commissioner India Census 2011
Puducherry,South,1247953,86.5,Office of the Registrar General and Census Commissioner India Census 2011
Punjab,North,27743338,76.7,Office of the Registrar General and Census Commissioner India Census 2011
Rajasthan,North,68548437,67.1,Office of the Registrar General and Census Commissioner India Census 2011
Sikkim,North East,610577,82.2,Office of the Registrar General and Census Commissioner India Census 2011
Tamil Nadu,South,72147030,80.3,Office of the Registrar General and Census Commissioner India Census 2011
Telangana,South,35193978,66.5,Office of the Registrar General and Census Commissioner India Census 2011
Tripura,North East,3673917,87.8,Office of the Registrar General and Census Commissioner India Census 2011
Uttar Pradesh,North,199812341,69.7,Office of the Registrar General and Census Commissioner India Census 2011
Uttarakhand,North,10086292,79.6,Office of the Registrar General and Census Commissioner India Census 2011
West Bengal,East,91276115,77.1,Office of the Registrar General and Census Commissioner India Census 2011
